name,filename,url
15 Step,aenami-15step.jpg,https://cdnb.artstation.com/p/assets/images/images/034/249/633/large/alena-aenami-15step.jpg?1611792735
7 p.m.,aenami-7pm.jpg,https://cdna.artstation.com/p/assets/images/images/004/187/762/medium/alena-aenami-7p-m-1k.jpg?1481159743
All I Need,aenami-allineed.jpg,https://cdna.artstation.com/p/assets/images/images/032/018/338/large/alena-aenami-all-i-need-1080p.jpg?1605232123
At Last,aenami-atlast.jpg,https://cdna.artstation.com/p/assets/images/images/003/981/916/medium/alena-aenami-atlast2k2.jpg?1479156464
Away,aenami-away.jpg,https://cdnb.artstation.com/p/assets/images/images/018/779/611/large/alena-aenami-away-1k.jpg?1560704311
Blue Hour,aenami-bluehour.jpg,https://cdna.artstation.com/p/assets/images/images/041/603/962/large/alena-aenami-bluehour-1k.jpg?1632171500
Budapest,aenami-budapest.jpg,https://cdna.artstation.com/p/assets/images/images/031/514/156/large/alena-aenami-budapest.jpg?1603836263
Castle in the Sky,aenami-castleinthesky.jpg,https://cdnb.artstation.com/p/assets/images/images/003/316/239/medium/alena-aenami-castle2k.jpg?1472352285
Close to the Sun,aenami-closetothesun.jpg,https://cdna.artstation.com/p/assets/images/images/003/723/818/medium/alena-aenami-close-to-the-sun-1920.jpg?1476824688
Cloud shapes,aenami-cloudshapes.jpg,https://cdnb.artstation.com/p/assets/images/images/040/945/961/large/alena-aenami-cloud-shapes.jpg?1630339562
Clouds,aenami-clouds.jpg,https://cdnb.artstation.com/p/assets/images/images/040/945/997/large/alena-aenami-clouds-1k.jpg?1630339646
Cold,aenami-cold.jpg,https://cdnb.artstation.com/p/assets/images/images/012/298/143/medium/alena-aenami-cold-1k.jpg?1534082874
Crater 3,aenami-crater3.jpg,https://cdnb.artstation.com/p/assets/images/images/040/945/959/large/alena-aenami-crater3.jpg?1630339555
Dawn,aenami-dawn.jpg,https://cdnb.artstation.com/p/assets/images/images/009/312/021/medium/alena-aenami-aenami-lunar.jpg?1518269866
Draw Breath,aenami-drawbreath.jpg,https://cdnb.artstation.com/p/assets/images/images/002/245/239/medium/alena-aenami-redskyf1920.jpg?1459249845
Dreamer,aenami-dreamer.jpg,https://cdna.artstation.com/p/assets/images/images/009/743/172/medium/alena-aenami-dreamer-1k.jpg?1520633630
Eclipse,aenami-eclipse.jpg,https://cdnb.artstation.com/p/assets/images/images/007/198/563/medium/alena-aenami-eclipse-1k.jpg?1504395238
Endless,aenami-endless.jpg,https://cdnb.artstation.com/p/assets/images/images/014/327/751/medium/alena-aenami-endless-1k.jpg?1543505168
Escape,aenami-escape.jpg,https://cdna.artstation.com/p/assets/images/images/044/596/606/large/alena-aenami-escape-hd.jpg?1640552880
Eternity,aenami-eternity.jpg,https://cdna.artstation.com/p/assets/images/images/022/502/864/large/alena-aenami-eternity-1080px.jpg?1575651131
Far From Tomorrow,aenami-farfromtomorrow,https://cdna.artstation.com/p/assets/images/images/026/178/618/large/alena-aenami-far-from-tomorrow-1080px.jpg?1588096824
For Y,aenami-fory.jpg,https://cdna.artstation.com/p/assets/images/images/002/120/516/medium/alena-aenami-for-y1900.jpg?1457535992
Guiding Light,aenami-guidinglight.jpg,https://cdna.artstation.com/p/assets/images/images/003/061/580/medium/alena-aenami-lighthouse1k.jpg?1469146970
Horizon,aenami-horizon.jpg,https://cdna.artstation.com/p/assets/images/images/018/357/216/medium/alena-aenami-horizon-1k.jpg?1559071156
I Wait For You,aenami-iwaitforyou.jpg,https://cdnb.artstation.com/p/assets/images/images/029/612/361/large/alena-aenami-chillcowfin.jpg?1598103797
I'm Here,aenami-imhere.jpg,https://cdna.artstation.com/p/assets/images/images/005/108/322/medium/alena-aenami-imhere1k.jpg?1488511566
Ice,aenami-ice.jpg,https://cdnb.artstation.com/p/assets/images/images/002/518/961/medium/alena-aenami-ice1920.jpg?1462665984
Lights,aenami-lights.jpg,https://cdnb.artstation.com/p/assets/images/images/006/170/271/medium/alena-aenami-lights1k1.jpg?1496536109
Lines,aenami-lines.jpg,https://cdna.artstation.com/p/assets/images/images/009/970/322/medium/alena-aenami-lines1k.jpg?1521834310
Lost Dream,aenami-lostdream.jpg,https://cdnb.artstation.com/p/assets/images/images/037/583/635/large/alena-aenami-lost-dream-hd.jpg?1620759757
Lost,aenami-lost.jpg,https://cdnb.artstation.com/p/assets/images/images/037/521/205/large/alena-aenami-lost-1k.jpg?1620609020
Lunar,aenami-lunar.jpg,https://cdnb.artstation.com/p/assets/images/images/008/976/777/medium/alena-aenami-lunar-cover.jpg?1516411656
Million Little Pieces,aenami-millionlittlepieces.jpg,https://cdna.artstation.com/p/assets/images/images/004/071/192/medium/alena-aenami-million-little-pieces-1k.jpg?1480028865
Mountains 2,aenami-mountains2.jpg,https://cdna.artstation.com/p/assets/images/images/002/446/988/medium/alena-aenami-mountains1k.jpg?1461838329
Mountains,aenami-mountains.jpg,https://cdna.artstation.com/p/assets/images/images/002/486/498/medium/alena-aenami-mountains2k.jpg?1462312397
Night,aenami-night.jpg,https://cdna.artstation.com/p/assets/images/images/033/957/502/large/alena-aenami-night-1k.jpg?1611017729
Otherside,aenami-otherside.jpg,https://cdna.artstation.com/p/assets/images/images/005/867/888/medium/alena-aenami-otherside-hd-2.jpg?1494344671
Out of Time,aenami-outoftime.jpg,https://cdnb.artstation.com/p/assets/images/images/030/073/957/large/alena-aenami-out-of-time-1080p.jpg?1599526925
Over the City,aenami-overthecity.jpg,https://cdnb.artstation.com/p/assets/images/images/003/462/039/medium/alena-aenami-over-the-city1k.jpg?1473938756
Portal 001,aenami-portal001.jpg,https://cdna.artstation.com/p/assets/images/images/040/946/134/large/alena-aenami-portal-001-w.jpg?1630339927
Quiet,aenami-quiet.jpg,https://cdna.artstation.com/p/assets/images/images/006/927/312/medium/alena-aenami-quiet-1px.jpg?1502309239
Reflect,aenami-reflect.jpg,https://cdna.artstation.com/p/assets/images/images/002/844/038/medium/alena-aenami-reflect1k.jpg?1466416986
Revenant,aenami-revenant.jpg,https://cdna.artstation.com/p/assets/images/images/001/798/518/medium/alena-aenami-revenant3-2.jpg?1452975563
Rooflines Girl,aenami-rooflinesgirl.jpg,https://cdna.artstation.com/p/assets/images/images/017/814/664/medium/alena-aenami-rooflinesgirl-1k-2.jpg?1557427280
Seaside,aenami-seaside.jpg,https://cdna.artstation.com/p/assets/images/images/002/279/268/medium/alena-aenami-seaside1920.jpg?1459695047
Serenity,aenami-serenity.jpg,https://cdnb.artstation.com/p/assets/images/images/004/446/155/medium/alena-aenami-serenity-1k.jpg?1483832862
Sketch 1-1,aenami-sketch11.jpg,https://cdnb.artstation.com/p/assets/images/images/004/349/531/medium/alena-aenami-001.jpg?1482799849
Sketch 1-6,aenami-sketch16.jpg,https://cdna.artstation.com/p/assets/images/images/004/349/584/medium/alena-aenami-006.jpg?1482800554
Sketch 2-1,aenami-sketch21.jpg,https://cdnb.artstation.com/p/assets/images/images/006/632/525/medium/alena-aenami-newwacom1-1-b-1k.jpg?1500072099
Sketch 3-1,aenami-sketch31.jpg,https://cdnb.artstation.com/p/assets/images/images/012/136/677/medium/alena-aenami-001-1.jpg?1533216272
Sketch 3-2,aenami-sketch32.jpg,https://cdnb.artstation.com/p/assets/images/images/012/139/429/medium/alena-aenami-002-2.jpg?1533227200
Sketch 3-3,aenami-sketch33.jpg,https://cdnb.artstation.com/p/assets/images/images/012/136/679/medium/alena-aenami-003.jpg?1533216279
Sketch 3-4,aenami-sketch34.jpg,https://cdnb.artstation.com/p/assets/images/images/012/136/857/medium/alena-aenami-004.jpg?1533217274
Sketch 3-5,aenami-35.jpg,https://cdna.artstation.com/p/assets/images/images/012/136/684/medium/alena-aenami-005.jpg?1533216295
Sky,aenami-sky.jpg,https://cdnb.artstation.com/p/assets/images/images/002/715/085/medium/alena-aenami-sky1k.jpg?1464883809
Skylight,aenami-skylight.jpg,https://cdnb.artstation.com/p/assets/images/images/002/054/077/medium/alena-aenami-skylight1920.jpg?1456599455
Solar,aenami-solar.jpg,https://cdna.artstation.com/p/assets/images/images/008/084/830/medium/alena-aenami-solar-1k.jpg?1510361358
Stardust,aenami-stardust.jpg,https://cdnb.artstation.com/p/assets/images/images/045/365/979/large/alena-aenami-stardust-1k.jpg?1642544897
Stay,aenami-stay.jpg,https://cdna.artstation.com/p/assets/images/images/007/323/062/medium/alena-aenami-stay-1k.jpg?1505326688
Sundown,aenami-sundown.jpg,https://cdna.artstation.com/p/assets/images/images/002/837/568/medium/alena-aenami-sundown.jpg?1466288064
Sunset,aenami-sunset.jpg,https://cdnb.artstation.com/p/assets/images/images/002/363/127/medium/alena-aenami-sunset2k.jpg?1460797514
The Day You Left,aenami-thedayyouleft.jpg,https://cdnb.artstation.com/p/assets/images/images/029/729/463/large/alena-aenami-fade-1k.jpg?1598460476
The Secret Place,aenami-thesecretplace.jpg,https://cdnb.artstation.com/p/assets/images/images/002/146/195/medium/alena-aenami-1920.jpg?1457872309
Top of the World,aenami-topoftheworld.jpg,https://cdnb.artstation.com/p/assets/images/images/002/922/037/medium/alena-aenami-couple1k.jpg?1467300653
Twilight,aenami-twilight.jpg,https://cdnb.artstation.com/p/assets/images/images/001/881/553/medium/alena-aenami-twillight2.jpg?1454185972
Wait,aenami-wait.jpg,https://cdna.artstation.com/p/assets/images/images/026/481/586/large/alena-aenami-wait.jpg?1588884196
Wings,aenami-wings.jpg,https://cdna.artstation.com/p/assets/images/images/041/883/956/large/alena-aenami-wings-hd.jpg?1632968149
Witcher,aenami-witcher.jpg,https://cdna.artstation.com/p/assets/images/images/014/905/850/medium/alena-aenami-witcher-1k.jpg?1546204748
You 4,aenami-you4.jpg,https://cdna.artstation.com/p/assets/images/images/006/426/268/medium/alena-aenami-004-1k1.jpg?1498508101
You,aenami-you.jpg,https://cdnb.artstation.com/p/assets/images/images/016/297/033/medium/alena-aenami-you-1k-2.jpg?1551647925